<beans xmlns="http://www.springframework.org/schema/beans"
	xmlns:xsi="http://www.w3.org/2001/XMLSchema-instance"
	xmlns:context="http://www.springframework.org/schema/context"
	xsi:schemaLocation="http://www.springframework.org/schema/beans
    http://www.springframework.org/schema/beans/spring-beans-3.0.xsd
    http://www.springframework.org/schema/context
    http://www.springframework.org/schema/context/spring-context-3.0.xsd">


	
	<bean id="jio" class="com.cts.Jiosim" >
	<property name="chargesPerMonth" value="800.9"></property>
	</bean>
	<bean id="airtel" class="com.cts.Airtelsim" >
    <constructor-arg name="chargesPerMonth" value="340.8" ><constructor-arg>
	</bean>


</beans>