<beans xmlns="http://www.springframework.org/schema/beans"
	xmlns:xsi="http://www.w3.org/2001/XMLSchema-instance"
	xmlns:context="http://www.springframework.org/schema/context"
	xsi:schemaLocation="http://www.springframework.org/schema/beans http://www.springframework.org/schema/beans/spring-beans-3.0.xsd
						http://www.springframework.org/schema/context http://www.springframework.org/schema/context/spring-context-3.0.xsd">
 
<bean id="employee" class="com.cts.service.EmployeeServiceImpl">
	<property name="repository" ref="repository"></property></bean>
	
<bean id="repository" class="com.cts.repository.EmployeeRepositoryImpl">
	<property name="jdbcTemplate" ref="jdbcTemplate"></property></bean>
	
<bean id="jdbcTemplate" class="org.springframework.jdbc.core.JdbcTemplate">
	<property name="dataSource" ref="dataSource"></property></bean>
	
<bean id="dataSource" class="org.springframework.jdbc.datasource.DriverManagerDataSource">
	<property name="driverClassName" value="com.mysql.cj.jdbc.Driver" />
	<property name="url" value="jdbc:mysql://localhost:3306/cts"/>
	<property name="username" value="root"/>
	<property name="password" value="password-1"></property>
	</bean>
 
	
	</beans>